tool,defect,param,n_bad,n_good,good_p50,good_p5,good_p95,bad_p50,pct_diff,abs_cliffs,cliffs,welch_p,rf_imp,within_cv,actionable,sig,composite
1,Wrinkle,Temp. THT at Trigger,92,2077,155.0,150.0,210.0,155.0,-1.2,0.023,0.023,0.2064712072817752,0.0226,0.1111,True,False,0.0
1,Wrinkle,Temp. BHT at Trigger,92,2077,180.0,150.0,202.0,183.0,0.89,0.098,0.098,0.15081738110590945,0.0749,0.0797,True,False,0.0
1,Wrinkle,heating time (tens of seconds),92,2077,467.0,333.0,699.2,483.0,0.52,0.185,0.185,0.7431503654985829,0.0632,0.1635,True,False,0.0
1,Wrinkle,Vacuum Time Tool Cavity A,92,2077,84.0,55.0,87.0,76.0,-4.11,0.203,-0.203,0.005660414683536114,0.0356,0.1312,True,True,1.5458
1,Wrinkle,Vacuum Time Tool Cavity B,92,2077,83.0,47.0,86.0,76.0,-7.17,0.228,-0.228,0.0017718885882404718,0.0313,0.1883,True,True,1.3888000000000003
1,Wrinkle,BT Circuit 1 Temp,92,2077,28.0,26.0,29.0,28.0,-0.74,0.083,-0.083,0.11579787900668358,0.0185,0.0389,True,False,0.0
1,Wrinkle,BT Circuit 2 Temp,92,2077,26.0,24.0,27.0,26.0,-0.41,0.071,-0.071,0.3141130421254093,0.0133,0.0396,True,False,0.0
1,Wrinkle,Graining Vacuum TTF Cavity 1,92,2077,1.0,1.0,2.0,1.0,11.24,0.124,0.124,0.018555281347056855,0.0053,0.3734,True,False,0.0
1,Wrinkle,Machine Cycle Time,92,2077,834.0,721.8,9999.0,860.5,11.79,0.121,0.121,0.5043930742408743,0.0517,1.531,True,False,0.0
1,Wrinkle,Capacity THT,92,2077,60.0,55.0,75.0,65.0,0.94,0.117,0.117,0.17854519712669423,0.0181,0.0808,True,False,0.0
1,Wrinkle,Capacity BHT,92,2077,55.0,35.0,60.0,55.0,2.7,0.081,0.081,0.0017666327962628848,0.0176,0.1133,True,True,0.7526
1,Wrinkle,Time Feed to Vacuum 1,92,2077,79.0,60.0,80.0,79.0,-2.12,0.064,-0.064,0.045649737106495954,0.0135,0.0744,True,False,0.0
1,Wrinkle,Pyro Clean,92,2077,253.0,26.0,470.0,288.5,17.09,0.184,0.184,2.8385149483506502e-05,0.1246,0.5196,True,True,5.094400000000001
1,Wrinkle,Top Tool Pos Close,92,2077,12480.0,12480.0,12500.0,12480.0,0.01,0.078,0.078,0.1714051018784825,0.0016,0.0007,False,False,0.0
1,Wrinkle,Pos Vinyl N Length,92,2077,21.0,0.0,56.0,28.0,61.09,0.29,0.29,3.7377247646727977e-06,0.0387,1.0175,True,True,1.722
1,Wrinkle,Pos Vinyl N Width,92,2077,23.0,0.0,33.0,26.0,38.46,0.203,0.203,1.2150344949567168e-05,0.0287,0.8847,True,True,1.2698
1,Wrinkle,Pos Vinyl S Length,92,2077,120.0,0.0,131.0,123.0,26.22,0.188,0.188,1.5146335227371345e-22,0.0932,0.5334,True,True,3.8408
1,Wrinkle,Pos Vinyl S Width,92,2077,249.0,0.0,257.0,253.0,29.16,0.358,0.358,4.866953895434786e-39,0.066,0.5247,True,True,2.8548000000000004
1,Wrinkle,Roller Gap LH,92,2077,10.0,9.0,11.0,10.0,-3.69,0.258,-0.258,1.3613261226154172e-06,0.041,0.0976,True,True,1.7948000000000004
1,Wrinkle,Roller Gap RH,92,2077,1.0,1.0,3.0,1.0,-30.34,0.271,-0.271,2.4193068580832177e-12,0.0458,0.6292,True,True,1.9946000000000002
1,Wrinkle,Glue Temp,92,2077,146.0,144.0,147.0,146.0,0.12,0.082,0.082,0.1804954860926534,0.0107,0.0076,False,False,0.0
1,Wrinkle,Stetch Length Pick Up,92,2077,18450.0,18400.0,18500.0,18400.0,-0.02,0.003,-0.003,0.4817482826606584,0.0158,0.0023,False,False,0.0
1,Wrinkle,Stetch Length Stretch 1,92,2077,18430.0,18430.0,18450.0,18430.0,-0.01,0.062,-0.062,0.05656665502455023,0.0082,0.0004,False,False,0.0
1,Wrinkle,Stetch Length Stretch 3,92,2077,18480.0,18480.0,18500.0,18480.0,-0.0,0.018,-0.018,0.5431737528444422,0.0051,0.0003,False,False,0.0
1,Wrinkle,Stretch Cross Stretch 1,92,2077,9520.0,9500.0,9520.0,9520.0,-0.03,0.137,-0.137,0.006748335202101343,0.0021,0.0008,False,True,0.0
1,Wrinkle,Stretch Cross Stretch 2,92,2077,9550.0,9520.0,9550.0,9550.0,-0.04,0.137,-0.137,0.0066550522393952795,0.0029,0.0012,False,True,0.0
1,Wrinkle,Stretch Cross Stretch 3,92,2077,9650.0,9630.0,9650.0,9650.0,0.05,0.242,0.242,2.422453760711152e-17,0.0332,0.0009,False,True,0.0
1,Wrinkle,Temp Z1,92,2077,140.0,110.0,179.0,144.5,1.26,0.039,0.039,0.4340145935337968,0.0266,0.1589,True,False,0.0
1,Wrinkle,Temp Z2,92,2077,135.0,106.0,170.0,136.5,1.79,0.069,0.069,0.26948921887150773,0.0267,0.1565,True,False,0.0
1,Wrinkle,Temp Z3,92,2077,134.0,106.0,172.0,136.0,1.25,0.046,0.046,0.4401047730941278,0.033,0.1603,True,False,0.0
1,Wrinkle,Temp Z4,92,2077,128.0,102.0,164.0,131.5,1.78,0.077,0.077,0.23089739279445465,0.0304,0.1561,True,False,0.0
1,Dent,Temp. THT at Trigger,19,2077,155.0,150.0,210.0,155.0,2.86,0.186,0.186,0.4217534083321008,0.0115,0.1111,True,False,0.0
1,Dent,Temp. BHT at Trigger,19,2077,180.0,150.0,202.0,180.0,1.16,0.025,0.025,0.5589315308763874,0.0297,0.0797,True,False,0.0
1,Dent,heating time (tens of seconds),19,2077,467.0,333.0,699.2,470.0,1.0,0.15,0.15,0.66138762146713,0.0658,0.1635,True,False,0.0
1,Dent,Vacuum Time Tool Cavity A,19,2077,84.0,55.0,87.0,77.0,-3.73,0.249,-0.249,0.19592736460018934,0.0415,0.1312,True,False,0.0
1,Dent,Vacuum Time Tool Cavity B,19,2077,83.0,47.0,86.0,78.0,-10.97,0.264,-0.264,0.10293172051880879,0.0221,0.1883,True,False,0.0
1,Dent,BT Circuit 1 Temp,19,2077,28.0,26.0,29.0,27.0,-1.38,0.185,-0.185,0.20392548970102095,0.0326,0.0389,True,False,0.0
1,Dent,BT Circuit 2 Temp,19,2077,26.0,24.0,27.0,25.0,-1.98,0.252,-0.252,0.06653582553383985,0.0365,0.0396,True,False,0.0
1,Dent,Graining Vacuum TTF Cavity 1,19,2077,1.0,1.0,2.0,2.0,31.75,0.434,0.434,0.00028630287626417786,0.0283,0.3734,True,True,1.3924
1,Dent,Machine Cycle Time,19,2077,834.0,721.8,9999.0,826.0,14.17,0.112,0.112,0.7245695050942103,0.0427,1.531,True,False,0.0
1,Dent,Capacity THT,19,2077,60.0,55.0,75.0,60.0,-2.08,0.181,-0.181,0.23597713600571218,0.0076,0.0808,True,False,0.0
1,Dent,Capacity BHT,19,2077,55.0,35.0,60.0,55.0,2.69,0.142,0.142,0.2602193722087616,0.0053,0.1133,True,False,0.0
1,Dent,Time Feed to Vacuum 1,19,2077,79.0,60.0,80.0,79.0,1.24,0.115,0.115,0.39562000460714036,0.0405,0.0744,True,False,0.0
1,Dent,Pyro Clean,19,2077,253.0,26.0,470.0,300.0,28.2,0.326,0.326,0.0018050365436395627,0.1256,0.5196,True,True,5.2196
1,Dent,Top Tool Pos Close,19,2077,12480.0,12480.0,12500.0,12480.0,0.02,0.148,0.148,0.20949587508306913,0.0044,0.0007,False,False,0.0
1,Dent,Pos Vinyl N Length,19,2077,21.0,0.0,56.0,27.0,68.67,0.309,0.309,0.010153026264603727,0.0647,1.0175,True,False,0.0
1,Dent,Pos Vinyl N Width,19,2077,23.0,0.0,33.0,28.0,64.07,0.382,0.382,0.00022065926198749678,0.0483,0.8847,True,True,2.1612
1,Dent,Pos Vinyl S Length,19,2077,120.0,0.0,131.0,119.0,26.5,0.138,0.138,1.7640210906128227e-07,0.0578,0.5334,True,True,2.3948
1,Dent,Pos Vinyl S Width,19,2077,249.0,0.0,257.0,250.0,29.7,0.127,0.127,1.4032510063423013e-86,0.0684,0.5247,True,True,2.8122000000000003
1,Dent,Roller Gap LH,19,2077,10.0,9.0,11.0,9.0,-1.99,0.143,-0.143,0.38802775849779203,0.0225,0.0976,True,False,0.0
1,Dent,Roller Gap RH,19,2077,1.0,1.0,3.0,1.0,1.19,0.004,-0.004,0.9297805082022407,0.0016,0.6292,True,False,0.0
1,Dent,Glue Temp,19,2077,146.0,144.0,147.0,146.0,-0.06,0.035,-0.035,0.7442416847717838,0.0111,0.0076,False,False,0.0
1,Dent,Stetch Length Pick Up,19,2077,18450.0,18400.0,18500.0,18400.0,-0.13,0.323,-0.323,0.0032500617730811037,0.0557,0.0023,False,True,0.0
1,Dent,Stetch Length Stretch 1,19,2077,18430.0,18430.0,18450.0,18430.0,0.02,0.209,0.209,0.08371087450512144,0.0064,0.0004,False,False,0.0
1,Dent,Stetch Length Stretch 3,19,2077,18480.0,18480.0,18500.0,18480.0,0.01,0.052,0.052,0.5504053382301174,0.0036,0.0003,False,False,0.0
1,Dent,Stretch Cross Stretch 1,19,2077,9520.0,9500.0,9520.0,9520.0,-0.04,0.19,-0.19,0.11265096176441976,0.0108,0.0008,False,False,0.0
1,Dent,Stretch Cross Stretch 2,19,2077,9550.0,9520.0,9550.0,9550.0,-0.06,0.19,-0.19,0.11222624953654943,0.0103,0.0012,False,False,0.0
1,Dent,Stretch Cross Stretch 3,19,2077,9650.0,9630.0,9650.0,9650.0,0.04,0.199,0.199,3.56515167169944e-93,0.0092,0.0009,False,True,0.0
1,Dent,Temp Z1,19,2077,140.0,110.0,179.0,144.0,1.36,0.023,0.023,0.7375065097740795,0.029,0.1589,True,False,0.0
1,Dent,Temp Z2,19,2077,135.0,106.0,170.0,140.0,3.08,0.063,0.063,0.47608325747243974,0.0445,0.1565,True,False,0.0
1,Dent,Temp Z3,19,2077,134.0,106.0,172.0,136.0,2.04,0.03,0.03,0.6398364058148278,0.033,0.1603,True,False,0.0
1,Dent,Temp Z4,19,2077,128.0,102.0,164.0,132.0,3.45,0.076,0.076,0.4331976752196384,0.0288,0.1561,True,False,0.0
1,Burnt Carpet / Vynil,Temp. THT at Trigger,10,2077,155.0,150.0,210.0,155.0,0.62,0.267,0.267,0.8536349645736087,0.0021,0.1111,True,False,0.0
1,Burnt Carpet / Vynil,Temp. BHT at Trigger,10,2077,180.0,150.0,202.0,180.5,1.1,0.054,0.054,0.5516101146913002,0.0301,0.0797,True,False,0.0
1,Burnt Carpet / Vynil,heating time (tens of seconds),10,2077,467.0,333.0,699.2,500.0,5.3,0.289,0.289,0.1840141163542183,0.075,0.1635,True,False,0.0
1,Burnt Carpet / Vynil,Vacuum Time Tool Cavity A,10,2077,84.0,55.0,87.0,71.5,-8.61,0.342,-0.342,0.10508786912867411,0.0399,0.1312,True,False,0.0
1,Burnt Carpet / Vynil,Vacuum Time Tool Cavity B,10,2077,83.0,47.0,86.0,69.5,-12.39,0.336,-0.336,0.11794185758292565,0.0681,0.1883,True,False,0.0
1,Burnt Carpet / Vynil,BT Circuit 1 Temp,10,2077,28.0,26.0,29.0,29.0,2.86,0.448,0.448,0.0008341722167665097,0.052,0.0389,True,True,2.3488
1,Burnt Carpet / Vynil,BT Circuit 2 Temp,10,2077,26.0,24.0,27.0,27.0,1.51,0.22,0.22,0.10791682417284731,0.0161,0.0396,True,False,0.0
1,Burnt Carpet / Vynil,Graining Vacuum TTF Cavity 1,10,2077,1.0,1.0,2.0,1.5,10.44,0.148,0.148,0.4177731606236553,0.0032,0.3734,True,False,0.0
1,Burnt Carpet / Vynil,Machine Cycle Time,10,2077,834.0,721.8,9999.0,804.5,-59.25,0.186,-0.186,1.0728745627169676e-55,0.0691,1.531,True,True,2.8756
1,Burnt Carpet / Vynil,Capacity THT,10,2077,60.0,55.0,75.0,60.0,-0.56,0.022,-0.022,0.6810872877535608,0.0044,0.0808,True,False,0.0
1,Burnt Carpet / Vynil,Capacity BHT,10,2077,55.0,35.0,60.0,56.0,6.29,0.374,0.374,0.0019004470805756154,0.0299,0.1133,True,True,1.4203999999999999
1,Burnt Carpet / Vynil,Time Feed to Vacuum 1,10,2077,79.0,60.0,80.0,79.0,-0.38,0.11,-0.11,0.8848617462373739,0.0023,0.0744,True,False,0.0
1,Burnt Carpet / Vynil,Pyro Clean,10,2077,253.0,26.0,470.0,370.5,31.66,0.36,0.36,0.011002196359028698,0.1185,0.5196,True,False,0.0
1,Burnt Carpet / Vynil,Top Tool Pos Close,10,2077,12480.0,12480.0,12500.0,12500.0,0.06,0.379,0.379,0.045079895658117396,0.0073,0.0007,False,False,0.0
1,Burnt Carpet / Vynil,Pos Vinyl N Length,10,2077,21.0,0.0,56.0,25.5,32.44,0.173,0.173,0.4058623016640995,0.0129,1.0175,True,False,0.0
1,Burnt Carpet / Vynil,Pos Vinyl N Width,10,2077,23.0,0.0,33.0,25.0,20.34,0.061,0.061,0.46443558401605795,0.013,0.8847,True,False,0.0
1,Burnt Carpet / Vynil,Pos Vinyl S Length,10,2077,120.0,0.0,131.0,120.0,30.17,0.171,0.171,2.0637522806123667e-07,0.058,0.5334,True,True,2.4226
1,Burnt Carpet / Vynil,Pos Vinyl S Width,10,2077,249.0,0.0,257.0,250.0,30.03,0.218,0.218,2.3839147697788427e-78,0.0919,0.5247,True,True,3.8068
1,Burnt Carpet / Vynil,Roller Gap LH,10,2077,10.0,9.0,11.0,9.0,-5.89,0.392,-0.392,0.026119822456419278,0.045,0.0976,True,False,0.0
1,Burnt Carpet / Vynil,Roller Gap RH,10,2077,1.0,1.0,3.0,1.0,-30.09,0.269,-0.269,0.02983862301645441,0.041,0.6292,True,False,0.0
1,Burnt Carpet / Vynil,Glue Temp,10,2077,146.0,144.0,147.0,145.0,-0.32,0.239,-0.239,0.17877728100019438,0.0119,0.0076,False,False,0.0
1,Burnt Carpet / Vynil,Stetch Length Pick Up,10,2077,18450.0,18400.0,18500.0,18400.0,-0.12,0.268,-0.268,0.12780354412983924,0.0314,0.0023,False,False,0.0
1,Burnt Carpet / Vynil,Stetch Length Stretch 1,10,2077,18430.0,18430.0,18450.0,18430.0,-0.01,0.06,-0.06,0.5653357629876444,0.002,0.0004,False,False,0.0
1,Burnt Carpet / Vynil,Stetch Length Stretch 3,10,2077,18480.0,18480.0,18500.0,18480.0,-0.01,0.105,-0.105,3.16503192178614e-52,0.0,0.0003,False,True,0.0
1,Burnt Carpet / Vynil,Stretch Cross Stretch 1,10,2077,9520.0,9500.0,9520.0,9500.0,-0.09,0.422,-0.422,0.02964996692262974,0.0291,0.0008,False,False,0.0
1,Burnt Carpet / Vynil,Stretch Cross Stretch 2,10,2077,9550.0,9520.0,9550.0,9520.0,-0.13,0.422,-0.422,0.02957824719102316,0.0197,0.0012,False,False,0.0
1,Burnt Carpet / Vynil,Stretch Cross Stretch 3,10,2077,9650.0,9630.0,9650.0,9650.0,0.04,0.199,0.199,3.56515167169944e-93,0.0079,0.0009,False,True,0.0
1,Burnt Carpet / Vynil,Temp Z1,10,2077,140.0,110.0,179.0,154.0,6.12,0.227,0.227,0.2456515182045661,0.0199,0.1589,True,False,0.0
1,Burnt Carpet / Vynil,Temp Z2,10,2077,135.0,106.0,170.0,147.5,7.49,0.28,0.28,0.16643844662769613,0.0338,0.1565,True,False,0.0
1,Burnt Carpet / Vynil,Temp Z3,10,2077,134.0,106.0,172.0,148.5,6.72,0.25,0.25,0.22373820076995773,0.0294,0.1603,True,False,0.0
1,Burnt Carpet / Vynil,Temp Z4,10,2077,128.0,102.0,164.0,140.0,7.54,0.275,0.275,0.17398101452619907,0.0351,0.1561,True,False,0.0
1,Out of dimension,Temp. THT at Trigger,18,2077,155.0,150.0,210.0,155.0,3.3,0.217,0.217,0.29813319694250145,0.0133,0.1111,True,False,0.0
1,Out of dimension,Temp. BHT at Trigger,18,2077,180.0,150.0,202.0,183.5,1.75,0.18,0.18,0.28801877348166316,0.0454,0.0797,True,False,0.0
1,Out of dimension,heating time (tens of seconds),18,2077,467.0,333.0,699.2,487.5,1.51,0.122,0.122,0.6072206824472369,0.036,0.1635,True,False,0.0
1,Out of dimension,Vacuum Time Tool Cavity A,18,2077,84.0,55.0,87.0,70.5,-9.23,0.42,-0.42,0.009970412353248281,0.0386,0.1312,True,True,1.7960000000000003
1,Out of dimension,Vacuum Time Tool Cavity B,18,2077,83.0,47.0,86.0,64.0,-16.71,0.436,-0.436,0.01155335343111569,0.0363,0.1883,True,False,0.0
1,Out of dimension,BT Circuit 1 Temp,18,2077,28.0,26.0,29.0,28.0,1.11,0.152,0.152,0.16743188596551256,0.0099,0.0389,True,False,0.0
1,Out of dimension,BT Circuit 2 Temp,18,2077,26.0,24.0,27.0,26.0,0.28,0.003,-0.003,0.6852362983711558,0.0087,0.0396,True,False,0.0
1,Out of dimension,Graining Vacuum TTF Cavity 1,18,2077,1.0,1.0,2.0,2.0,14.53,0.203,0.203,0.12105624960032167,0.0103,0.3734,True,False,0.0
1,Out of dimension,Machine Cycle Time,18,2077,834.0,721.8,9999.0,816.0,17.48,0.002,0.002,0.6801985355349565,0.044,1.531,True,False,0.0
1,Out of dimension,Capacity THT,18,2077,60.0,55.0,75.0,65.0,1.58,0.154,0.154,0.37279538843427484,0.0119,0.0808,True,False,0.0
1,Out of dimension,Capacity BHT,18,2077,55.0,35.0,60.0,55.0,1.89,0.094,0.094,0.4300469699387025,0.0094,0.1133,True,False,0.0
1,Out of dimension,Time Feed to Vacuum 1,18,2077,79.0,60.0,80.0,79.0,-3.4,0.102,-0.102,0.2052130933377696,0.0191,0.0744,True,False,0.0
1,Out of dimension,Pyro Clean,18,2077,253.0,26.0,470.0,356.5,34.56,0.398,0.398,0.0010466818019708012,0.1387,0.5196,True,True,5.7868
1,Out of dimension,Top Tool Pos Close,18,2077,12480.0,12480.0,12500.0,12500.0,0.04,0.291,0.291,0.07204940271349881,0.01,0.0007,False,False,0.0
1,Out of dimension,Pos Vinyl N Length,18,2077,21.0,0.0,56.0,30.0,21.99,0.209,0.209,0.408062082624275,0.0247,1.0175,True,False,0.0
1,Out of dimension,Pos Vinyl N Width,18,2077,23.0,0.0,33.0,25.0,8.11,0.028,0.028,0.7062274360005465,0.0209,0.8847,True,False,0.0
1,Out of dimension,Pos Vinyl S Length,18,2077,120.0,0.0,131.0,123.5,28.9,0.258,0.258,1.6756591531168463e-08,0.0587,0.5334,True,True,2.5028
1,Out of dimension,Pos Vinyl S Width,18,2077,249.0,0.0,257.0,252.0,30.05,0.278,0.278,1.878955930743972e-71,0.056,0.5247,True,True,2.4068
1,Out of dimension,Roller Gap LH,18,2077,10.0,9.0,11.0,9.0,-8.23,0.538,-0.538,3.673001569550613e-08,0.105,0.0976,True,True,4.5228
1,Out of dimension,Roller Gap RH,18,2077,1.0,1.0,3.0,1.0,-41.74,0.368,-0.368,4.131989757436346e-167,0.0721,0.6292,True,True,3.1048000000000004
1,Out of dimension,Glue Temp,18,2077,146.0,144.0,147.0,146.0,-0.04,0.019,-0.019,0.8126406359310193,0.0135,0.0076,False,False,0.0
1,Out of dimension,Stetch Length Pick Up,18,2077,18450.0,18400.0,18500.0,18400.0,-0.17,0.37,-0.37,0.0033176388533354586,0.0459,0.0023,False,True,0.0
1,Out of dimension,Stetch Length Stretch 1,18,2077,18430.0,18430.0,18450.0,18430.0,-0.02,0.16,-0.16,1.3332326423390946e-80,0.0038,0.0004,False,True,0.0
1,Out of dimension,Stetch Length Stretch 3,18,2077,18480.0,18480.0,18500.0,18480.0,0.0,0.006,0.006,0.9417772749855812,0.0002,0.0003,False,False,0.0
1,Out of dimension,Stretch Cross Stretch 1,18,2077,9520.0,9500.0,9520.0,9505.0,-0.07,0.367,-0.367,0.00866180293752544,0.0182,0.0008,False,True,0.0
1,Out of dimension,Stretch Cross Stretch 2,18,2077,9550.0,9520.0,9550.0,9530.0,-0.11,0.367,-0.367,0.010456203080726326,0.0253,0.0012,False,False,0.0
1,Out of dimension,Stretch Cross Stretch 3,18,2077,9650.0,9630.0,9650.0,9650.0,0.04,0.199,0.199,3.56515167169944e-93,0.0068,0.0009,False,True,0.0
1,Out of dimension,Temp Z1,18,2077,140.0,110.0,179.0,149.0,7.03,0.248,0.248,0.06621540256270145,0.0261,0.1589,True,False,0.0
1,Out of dimension,Temp Z2,18,2077,135.0,106.0,170.0,146.0,9.18,0.321,0.321,0.02261954045792112,0.0374,0.1565,True,False,0.0
1,Out of dimension,Temp Z3,18,2077,134.0,106.0,172.0,143.0,7.58,0.258,0.258,0.05909407802819361,0.0247,0.1603,True,False,0.0
1,Out of dimension,Temp Z4,18,2077,128.0,102.0,164.0,132.5,8.12,0.273,0.273,0.044412277752846833,0.0291,0.1561,True,False,0.0
1,Bad edge wrap,Temp. THT at Trigger,20,2077,155.0,150.0,210.0,155.0,-2.25,0.017,0.017,0.20461492314810134,0.007,0.1111,True,False,0.0
1,Bad edge wrap,Temp. BHT at Trigger,20,2077,180.0,150.0,202.0,168.0,-5.1,0.476,-0.476,0.000149322681710374,0.1582,0.0797,True,True,6.6136
1,Bad edge wrap,heating time (tens of seconds),20,2077,467.0,333.0,699.2,463.5,-3.61,0.126,-0.126,0.07675506874035348,0.0434,0.1635,True,False,0.0
1,Bad edge wrap,Vacuum Time Tool Cavity A,20,2077,84.0,55.0,87.0,86.0,3.24,0.148,0.148,0.20587662259301673,0.02,0.1312,True,False,0.0
1,Bad edge wrap,Vacuum Time Tool Cavity B,20,2077,83.0,47.0,86.0,85.0,5.98,0.185,0.185,0.047498496468175944,0.0256,0.1883,True,False,0.0
1,Bad edge wrap,BT Circuit 1 Temp,20,2077,28.0,26.0,29.0,26.5,-3.97,0.514,-0.514,0.00032956660393097277,0.0272,0.0389,True,True,1.3963999999999999
1,Bad edge wrap,BT Circuit 2 Temp,20,2077,26.0,24.0,27.0,25.0,-4.4,0.584,-0.584,2.8179544447845568e-05,0.0734,0.0396,True,True,3.2864000000000004
1,Bad edge wrap,Graining Vacuum TTF Cavity 1,20,2077,1.0,1.0,2.0,1.0,6.76,0.099,0.099,0.43315235282098025,0.0028,0.3734,True,False,0.0
1,Bad edge wrap,Machine Cycle Time,20,2077,834.0,721.8,9999.0,821.0,-13.22,0.076,-0.076,0.6824771166784945,0.0242,1.531,True,False,0.0
1,Bad edge wrap,Capacity THT,20,2077,60.0,55.0,75.0,62.5,0.24,0.055,0.055,0.7994088868023106,0.0036,0.0808,True,False,0.0
1,Bad edge wrap,Capacity BHT,20,2077,55.0,35.0,60.0,55.0,2.2,0.037,-0.037,9.376420727053718e-18,0.0027,0.1133,True,True,0.1302
1,Bad edge wrap,Time Feed to Vacuum 1,20,2077,79.0,60.0,80.0,80.0,1.51,0.31,0.31,0.27002854122643666,0.0612,0.0744,True,False,0.0
1,Bad edge wrap,Pyro Clean,20,2077,253.0,26.0,470.0,222.0,-14.33,0.214,-0.214,0.0010393970985700621,0.1145,0.5196,True,True,4.708400000000001
1,Bad edge wrap,Top Tool Pos Close,20,2077,12480.0,12480.0,12500.0,12480.0,-0.04,0.22,-0.22,1.8552443458356876e-111,0.0041,0.0007,False,True,0.0
1,Bad edge wrap,Pos Vinyl N Length,20,2077,21.0,0.0,56.0,24.0,21.54,0.078,0.078,0.40017626847963855,0.0189,1.0175,True,False,0.0
1,Bad edge wrap,Pos Vinyl N Width,20,2077,23.0,0.0,33.0,27.0,20.34,0.148,0.148,0.3340044774174288,0.0143,0.8847,True,False,0.0
1,Bad edge wrap,Pos Vinyl S Length,20,2077,120.0,0.0,131.0,119.0,20.93,0.097,0.097,0.007692094855341762,0.048,0.5334,True,True,1.9782
1,Bad edge wrap,Pos Vinyl S Width,20,2077,249.0,0.0,257.0,248.5,22.1,0.151,-0.151,0.0029962853685662756,0.0524,0.5247,True,True,2.1866
1,Bad edge wrap,Roller Gap LH,20,2077,10.0,9.0,11.0,10.5,5.12,0.296,0.296,0.0002769784615057598,0.0303,0.0976,True,True,1.3896000000000002
1,Bad edge wrap,Roller Gap RH,20,2077,1.0,1.0,3.0,2.0,16.52,0.127,0.127,0.23355281136043882,0.0024,0.6292,True,False,0.0
1,Bad edge wrap,Glue Temp,20,2077,146.0,144.0,147.0,145.5,-0.04,0.01,-0.01,0.8265259145635097,0.0072,0.0076,False,False,0.0
1,Bad edge wrap,Stetch Length Pick Up,20,2077,18450.0,18400.0,18500.0,18475.0,0.15,0.372,0.372,0.0001305784208028873,0.0562,0.0023,False,True,0.0
1,Bad edge wrap,Stetch Length Stretch 1,20,2077,18430.0,18430.0,18450.0,18440.0,0.04,0.34,0.34,0.008016365466134438,0.018,0.0004,False,True,0.0
1,Bad edge wrap,Stetch Length Stretch 3,20,2077,18480.0,18480.0,18500.0,18480.0,-0.01,0.105,-0.105,3.16503192178614e-52,0.0,0.0003,False,True,0.0
1,Bad edge wrap,Stretch Cross Stretch 1,20,2077,9520.0,9500.0,9520.0,9520.0,0.04,0.179,0.179,6.996521017714318e-91,0.0006,0.0008,False,True,0.0
1,Bad edge wrap,Stretch Cross Stretch 2,20,2077,9550.0,9520.0,9550.0,9550.0,0.06,0.179,0.179,9.987200924260378e-91,0.0014,0.0012,False,True,0.0
1,Bad edge wrap,Stretch Cross Stretch 3,20,2077,9650.0,9630.0,9650.0,9650.0,0.05,0.238,0.238,8.407049258821337e-05,0.0185,0.0009,False,True,0.0
1,Bad edge wrap,Temp Z1,20,2077,140.0,110.0,179.0,135.0,-4.45,0.187,-0.187,0.13243289455938353,0.039,0.1589,True,False,0.0
1,Bad edge wrap,Temp Z2,20,2077,135.0,106.0,170.0,131.0,-4.3,0.188,-0.188,0.12317963648281474,0.0429,0.1565,True,False,0.0
1,Bad edge wrap,Temp Z3,20,2077,134.0,106.0,172.0,127.5,-4.63,0.191,-0.191,0.13134893104795667,0.0341,0.1603,True,False,0.0
1,Bad edge wrap,Temp Z4,20,2077,128.0,102.0,164.0,123.5,-4.99,0.214,-0.214,0.07487261369274414,0.0479,0.1561,True,False,0.0
2,Dent,Temp. THT at Trigger,28,3631,160.0,142.0,172.0,162.0,3.74,0.281,0.281,0.00780220122316579,0.0701,0.0575,True,True,2.9726000000000004
2,Dent,Temp. BHT at Trigger,28,3631,194.0,172.0,207.0,189.5,-2.06,0.272,-0.272,0.021989547694441842,0.068,0.0576,True,False,0.0
2,Dent,heating time (tens of seconds),28,3631,470.0,440.0,510.0,500.0,10.59,0.579,0.579,7.434245621634516e-06,0.1376,0.0572,True,True,5.851400000000001
2,Dent,Vacuum Time Tool Cavity A,28,3631,71.0,64.0,73.0,72.0,0.43,0.157,0.157,0.693387246704056,0.0403,0.067,True,False,0.0
2,Dent,Vacuum Time Tool Cavity B,28,3631,71.0,64.0,73.0,71.0,0.37,0.113,0.113,0.7288623791652955,0.0267,0.0692,True,False,0.0
2,Dent,BT Circuit 1 Temp,28,3631,25.0,23.0,26.0,25.0,-0.2,0.042,-0.042,0.707196456022865,0.0176,0.0352,True,False,0.0
2,Dent,BT Circuit 2 Temp,28,3631,23.0,22.0,23.0,23.0,0.06,0.004,-0.004,0.8873099859123709,0.0057,0.0231,True,False,0.0
2,Dent,TTF Circuit 1 Temp,28,3631,29.0,24.0,32.0,30.5,1.22,0.102,0.102,0.4278180338700945,0.0221,0.086,True,False,0.0
2,Dent,Graining Vacuum TTF Cavity 1,28,3631,88.0,86.0,88.0,87.0,-0.4,0.29,-0.29,0.008280645515629782,0.0085,0.0083,False,True,0.0
2,Dent,Graining Vacuum TTF Cavity 2,28,3631,89.0,88.0,90.0,88.0,-0.59,0.417,-0.417,3.9514639285817576e-05,0.031,0.0094,False,True,0.0
2,Dent,Machine Cycle Time,28,3631,766.0,676.0,9999.0,780.0,-1.91,0.106,0.106,0.9521679873765027,0.0359,1.6696,True,False,0.0
2,Dent,Capacity THT,28,3631,65.0,63.0,65.0,65.0,0.18,0.028,0.028,0.2821238176633793,0.0076,0.0299,True,False,0.0
2,Dent,Capacity BHT,28,3631,60.0,50.0,60.0,52.5,-7.32,0.524,-0.524,1.2924545317114668e-05,0.1054,0.0654,True,True,4.5304
2,Dent,Time Feed to Vacuum 1,28,3631,70.0,47.0,71.0,70.0,-9.42,0.253,-0.253,0.00616178574076573,0.0108,0.0923,True,True,0.5838000000000001
2,Dent,Pyro Clean,28,3631,587.0,34.0,920.0,782.5,35.77,0.364,0.364,0.001968802692707909,0.1461,0.5949,True,True,6.062400000000001
2,Dent,Pos Vinyl N Length,28,3631,0.0,0.0,220.0,0.0,-15.45,0.068,-0.068,0.5550427829568252,0.0207,1.3999,True,False,0.0
2,Dent,Pos Vinyl N Width,28,3631,0.0,0.0,295.0,0.0,-15.13,0.069,-0.069,0.5644802982432257,0.0181,1.3993,True,False,0.0
2,Dent,Pos Vinyl S Length,28,3631,0.0,0.0,286.0,0.0,-56.41,0.206,-0.206,0.010973552174683904,0.011,1.4432,True,False,0.0
2,Dent,Pos Vinyl S Width,28,3631,0.0,0.0,13.0,0.0,-79.58,0.2,-0.2,9.296388284445775e-08,0.0084,1.9443,True,True,0.456
2,Dent,Roller Gap LH,28,3631,19.0,19.0,20.0,19.0,-0.38,0.109,-0.109,2.869893238614176e-07,0.0052,0.0434,True,True,0.27340000000000003
2,Dent,Roller Gap RH,28,3631,18.0,18.0,18.0,18.0,0.34,0.012,0.012,1.1024854186048614e-05,0.0,0.0457,True,True,0.0072
2,Dent,Glue Temp,28,3631,155.0,154.0,158.0,155.5,0.06,0.026,0.026,0.6734647693908782,0.0151,0.0089,False,False,0.0
2,Dent,Stretch Cross Pick Up,28,3631,4830.0,4800.0,4830.0,4830.0,0.06,0.09,0.09,0.267641061364986,0.0026,0.0029,False,False,0.0
2,Dent,Stretch Cross Stretch 1,28,3631,4830.0,4800.0,4830.0,4830.0,0.06,0.09,0.09,0.267641061364986,0.0033,0.0029,False,False,0.0
2,Dent,Stretch Cross Stretch 2,28,3631,4830.0,4800.0,4830.0,4830.0,-0.02,0.053,0.053,0.6322371156414649,0.0089,0.0018,False,False,0.0
2,Dent,Stretch Cross Stretch 3,28,3631,4880.0,4850.0,4880.0,4880.0,0.12,0.188,0.188,1.5579663874601218e-05,0.0162,0.0026,False,True,0.0
2,Dent,Stretch Cross Form,28,3631,4850.0,4850.0,4880.0,4850.0,-0.09,0.127,-0.127,0.008914931503307499,0.0161,0.0026,False,True,0.0
2,Dent,Temp Z1,28,3631,142.0,119.0,166.0,156.0,6.56,0.354,0.354,0.0040859285945192905,0.0497,0.108,True,True,2.2004
2,Dent,Temp Z2,28,3631,138.0,115.0,163.0,152.5,6.2,0.323,0.323,0.012067086007277336,0.056,0.1113,True,False,0.0
2,Dent,Temp Z3,28,3631,136.0,114.0,160.0,150.5,5.89,0.316,0.316,0.016471293843467596,0.0354,0.1102,True,False,0.0
2,Bumps / lumps,Temp. THT at Trigger,17,3631,160.0,142.0,172.0,158.0,-1.53,0.194,-0.194,0.16005483664050196,0.027,0.0575,True,False,0.0
2,Bumps / lumps,Temp. BHT at Trigger,17,3631,194.0,172.0,207.0,195.0,1.44,0.116,0.116,0.12489570659900621,0.052,0.0576,True,False,0.0
2,Bumps / lumps,heating time (tens of seconds),17,3631,470.0,440.0,510.0,441.0,-3.21,0.419,-0.419,0.0012168674993453133,0.1012,0.0572,True,True,4.2994
2,Bumps / lumps,Vacuum Time Tool Cavity A,17,3631,71.0,64.0,73.0,71.0,2.16,0.182,0.182,1.5838883282476048e-09,0.037,0.067,True,True,1.5892
2,Bumps / lumps,Vacuum Time Tool Cavity B,17,3631,71.0,64.0,73.0,71.0,2.17,0.16,0.16,1.926850657044854e-09,0.0487,0.0692,True,True,2.044
2,Bumps / lumps,BT Circuit 1 Temp,17,3631,25.0,23.0,26.0,25.0,0.53,0.056,0.056,0.40749548073222824,0.0095,0.0352,True,False,0.0
2,Bumps / lumps,BT Circuit 2 Temp,17,3631,23.0,22.0,23.0,23.0,0.44,0.081,0.081,0.36554140859613937,0.0072,0.0231,True,False,0.0
2,Bumps / lumps,TTF Circuit 1 Temp,17,3631,29.0,24.0,32.0,31.0,3.43,0.259,0.259,0.05381931107967832,0.0542,0.086,True,False,0.0
2,Bumps / lumps,Graining Vacuum TTF Cavity 1,17,3631,88.0,86.0,88.0,88.0,-0.01,0.038,-0.038,0.9333524740160548,0.0088,0.0083,False,False,0.0
2,Bumps / lumps,Graining Vacuum TTF Cavity 2,17,3631,89.0,88.0,90.0,89.0,0.02,0.013,-0.013,0.7214602610963337,0.0238,0.0094,False,False,0.0
2,Bumps / lumps,Machine Cycle Time,17,3631,766.0,676.0,9999.0,720.0,-12.32,0.308,-0.308,0.746698243906391,0.0855,1.6696,True,False,0.0
2,Bumps / lumps,Capacity THT,17,3631,65.0,63.0,65.0,65.0,0.4,0.099,0.099,4.3918321251460535e-15,0.0011,0.0299,True,True,0.1034
2,Bumps / lumps,Capacity BHT,17,3631,60.0,50.0,60.0,60.0,1.33,0.071,0.071,0.1903782810608236,0.0044,0.0654,True,False,0.0
2,Bumps / lumps,Time Feed to Vacuum 1,17,3631,70.0,47.0,71.0,70.0,2.31,0.095,-0.095,1.519514879204584e-07,0.0332,0.0923,True,True,1.385
2,Bumps / lumps,Pyro Clean,17,3631,587.0,34.0,920.0,640.0,-1.89,0.088,-0.088,0.8711912194416168,0.1024,0.5949,True,False,0.0
2,Bumps / lumps,Pos Vinyl N Length,17,3631,0.0,0.0,220.0,0.0,20.62,0.01,0.01,0.576109385629796,0.0334,1.3999,True,False,0.0
2,Bumps / lumps,Pos Vinyl N Width,17,3631,0.0,0.0,295.0,0.0,23.78,0.092,0.092,0.5302565861138558,0.0145,1.3993,True,False,0.0
2,Bumps / lumps,Pos Vinyl S Length,17,3631,0.0,0.0,286.0,280.0,100.08,0.338,0.338,0.015593123821441278,0.0668,1.4432,True,False,0.0
2,Bumps / lumps,Pos Vinyl S Width,17,3631,0.0,0.0,13.0,6.0,111.65,0.344,0.344,0.05957671660967966,0.072,1.9443,True,False,0.0
2,Bumps / lumps,Roller Gap LH,17,3631,19.0,19.0,20.0,19.0,-0.07,0.051,-0.051,0.8314651515744366,0.0041,0.0434,True,False,0.0
2,Bumps / lumps,Roller Gap RH,17,3631,18.0,18.0,18.0,18.0,0.34,0.012,0.012,1.1024854186048614e-05,0.0,0.0457,True,True,0.0072
2,Bumps / lumps,Glue Temp,17,3631,155.0,154.0,158.0,155.0,-0.1,0.083,-0.083,0.6472810697250235,0.0084,0.0089,False,False,0.0
2,Bumps / lumps,Stretch Cross Pick Up,17,3631,4830.0,4800.0,4830.0,4830.0,-0.07,0.108,-0.108,0.39506175032355334,0.0017,0.0029,False,False,0.0
2,Bumps / lumps,Stretch Cross Stretch 1,17,3631,4830.0,4800.0,4830.0,4830.0,-0.07,0.108,-0.108,0.39506175032355334,0.0009,0.0029,False,False,0.0
2,Bumps / lumps,Stretch Cross Stretch 2,17,3631,4830.0,4800.0,4830.0,4830.0,0.01,0.075,-0.075,0.6767380653532927,0.0045,0.0018,False,False,0.0
2,Bumps / lumps,Stretch Cross Stretch 3,17,3631,4880.0,4850.0,4880.0,4880.0,-0.12,0.188,-0.188,0.14680131690801146,0.0033,0.0026,False,False,0.0
2,Bumps / lumps,Stretch Cross Form,17,3631,4850.0,4850.0,4880.0,4850.0,0.09,0.141,0.141,0.24778037537982148,0.0047,0.0026,False,False,0.0
2,Bumps / lumps,Temp Z1,17,3631,142.0,119.0,166.0,150.0,3.41,0.198,0.198,0.12303946554248912,0.0535,0.108,True,False,0.0
2,Bumps / lumps,Temp Z2,17,3631,138.0,115.0,163.0,146.0,3.23,0.17,0.17,0.1555430147790328,0.0772,0.1113,True,False,0.0
2,Bumps / lumps,Temp Z3,17,3631,136.0,114.0,160.0,144.0,3.02,0.168,0.168,0.14217274211431954,0.059,0.1102,True,False,0.0
2,Burnt Carpet / Vynil,Temp. THT at Trigger,26,3631,160.0,142.0,172.0,157.0,-1.97,0.14,-0.14,0.2086789704798245,0.0738,0.0575,True,False,0.0
2,Burnt Carpet / Vynil,Temp. BHT at Trigger,26,3631,194.0,172.0,207.0,193.0,-1.72,0.025,-0.025,0.3377058125852046,0.0857,0.0576,True,False,0.0
2,Burnt Carpet / Vynil,heating time (tens of seconds),26,3631,470.0,440.0,510.0,470.0,-1.06,0.104,-0.104,0.20049578090220632,0.0406,0.0572,True,False,0.0
2,Burnt Carpet / Vynil,Vacuum Time Tool Cavity A,26,3631,71.0,64.0,73.0,71.0,-0.88,0.145,-0.145,0.35688424621628634,0.0395,0.067,True,False,0.0
2,Burnt Carpet / Vynil,Vacuum Time Tool Cavity B,26,3631,71.0,64.0,73.0,70.0,-0.88,0.169,-0.169,0.3446905898226245,0.0386,0.0692,True,False,0.0
2,Burnt Carpet / Vynil,BT Circuit 1 Temp,26,3631,25.0,23.0,26.0,25.0,-0.47,0.072,-0.072,0.5422013566220489,0.0147,0.0352,True,False,0.0
2,Burnt Carpet / Vynil,BT Circuit 2 Temp,26,3631,23.0,22.0,23.0,23.0,-0.05,0.028,-0.028,0.9025885230135323,0.0045,0.0231,True,False,0.0
2,Burnt Carpet / Vynil,TTF Circuit 1 Temp,26,3631,29.0,24.0,32.0,29.0,-3.86,0.197,-0.197,0.09566249977907085,0.0313,0.086,True,False,0.0
2,Burnt Carpet / Vynil,Graining Vacuum TTF Cavity 1,26,3631,88.0,86.0,88.0,88.0,-0.2,0.079,-0.079,0.33127890975852303,0.0088,0.0083,False,False,0.0
2,Burnt Carpet / Vynil,Graining Vacuum TTF Cavity 2,26,3631,89.0,88.0,90.0,89.0,-0.08,0.015,0.015,0.7341837950626671,0.0123,0.0094,False,False,0.0
2,Burnt Carpet / Vynil,Machine Cycle Time,26,3631,766.0,676.0,9999.0,768.5,25.21,0.016,0.016,0.5399701019286177,0.0562,1.6696,True,False,0.0
2,Burnt Carpet / Vynil,Capacity THT,26,3631,65.0,63.0,65.0,65.0,-0.32,0.131,-0.131,0.2437398181747517,0.0128,0.0299,True,False,0.0
2,Burnt Carpet / Vynil,Capacity BHT,26,3631,60.0,50.0,60.0,60.0,-0.52,0.03,-0.03,0.6881482289545631,0.0202,0.0654,True,False,0.0
2,Burnt Carpet / Vynil,Time Feed to Vacuum 1,26,3631,70.0,47.0,71.0,70.0,0.48,0.007,0.007,0.7606173197374992,0.0214,0.0923,True,False,0.0
2,Burnt Carpet / Vynil,Pyro Clean,26,3631,587.0,34.0,920.0,167.0,-37.79,0.363,-0.363,0.00482920930617638,0.1361,0.5949,True,True,5.6617999999999995
2,Burnt Carpet / Vynil,Pos Vinyl N Length,26,3631,0.0,0.0,220.0,98.5,48.41,0.137,0.137,0.11675704180349872,0.0311,1.3999,True,False,0.0
2,Burnt Carpet / Vynil,Pos Vinyl N Width,26,3631,0.0,0.0,295.0,139.5,48.16,0.099,0.099,0.117689637473473,0.027,1.3993,True,False,0.0
2,Burnt Carpet / Vynil,Pos Vinyl S Length,26,3631,0.0,0.0,286.0,0.0,-41.01,0.15,-0.15,0.1036700922257181,0.0208,1.4432,True,False,0.0
2,Burnt Carpet / Vynil,Pos Vinyl S Width,26,3631,0.0,0.0,13.0,0.0,-59.91,0.145,-0.145,0.0038762543725295,0.0134,1.9443,True,True,0.623
2,Burnt Carpet / Vynil,Roller Gap LH,26,3631,19.0,19.0,20.0,19.0,0.63,0.081,0.081,0.14427769868094567,0.0043,0.0434,True,False,0.0
2,Burnt Carpet / Vynil,Roller Gap RH,26,3631,18.0,18.0,18.0,18.0,0.34,0.012,0.012,1.1024854186048614e-05,0.0,0.0457,True,True,0.0072
2,Burnt Carpet / Vynil,Glue Temp,26,3631,155.0,154.0,158.0,155.0,-0.18,0.134,-0.134,0.20096080886182238,0.0243,0.0089,False,False,0.0
2,Burnt Carpet / Vynil,Stretch Cross Pick Up,26,3631,4830.0,4800.0,4830.0,4830.0,-0.03,0.042,-0.042,0.6628806187532765,0.0044,0.0029,False,False,0.0
2,Burnt Carpet / Vynil,Stretch Cross Stretch 1,26,3631,4830.0,4800.0,4830.0,4830.0,-0.03,0.042,-0.042,0.6628806187532765,0.0041,0.0029,False,False,0.0
2,Burnt Carpet / Vynil,Stretch Cross Stretch 2,26,3631,4830.0,4800.0,4830.0,4830.0,-0.07,0.085,-0.085,0.17936043483663516,0.0161,0.0018,False,False,0.0
2,Burnt Carpet / Vynil,Stretch Cross Stretch 3,26,3631,4880.0,4850.0,4880.0,4880.0,0.07,0.109,0.109,0.10346766901000246,0.0207,0.0026,False,False,0.0
2,Burnt Carpet / Vynil,Stretch Cross Form,26,3631,4850.0,4850.0,4880.0,4850.0,-0.02,0.0,-0.0,0.6372264576933682,0.0294,0.0026,False,False,0.0
2,Burnt Carpet / Vynil,Temp Z1,26,3631,142.0,119.0,166.0,140.0,-1.56,0.049,-0.049,0.4433301602065903,0.065,0.108,True,False,0.0
2,Burnt Carpet / Vynil,Temp Z2,26,3631,138.0,115.0,163.0,138.5,-1.9,0.063,-0.063,0.37541643877320496,0.0647,0.1113,True,False,0.0
2,Burnt Carpet / Vynil,Temp Z3,26,3631,136.0,114.0,160.0,136.5,-1.54,0.045,-0.045,0.45633533933711334,0.078,0.1102,True,False,0.0
2,Low Glue/Read Thru/Impression,Temp. THT at Trigger,40,3631,160.0,142.0,172.0,147.5,-6.35,0.437,-0.437,2.8326783368551423e-05,0.1152,0.0575,True,True,4.8702
2,Low Glue/Read Thru/Impression,Temp. BHT at Trigger,40,3631,194.0,172.0,207.0,168.0,-10.81,0.546,-0.546,2.8138843795640407e-07,0.1527,0.0576,True,True,6.435600000000001
2,Low Glue/Read Thru/Impression,heating time (tens of seconds),40,3631,470.0,440.0,510.0,470.0,1.71,0.303,0.303,0.00018717498300241807,0.0595,0.0572,True,True,2.5618
2,Low Glue/Read Thru/Impression,Vacuum Time Tool Cavity A,40,3631,71.0,64.0,73.0,69.0,-6.36,0.267,-0.267,0.03036574881841711,0.0339,0.067,True,False,0.0
2,Low Glue/Read Thru/Impression,Vacuum Time Tool Cavity B,40,3631,71.0,64.0,73.0,68.5,-6.54,0.269,-0.269,0.03197632355402474,0.0306,0.0692,True,False,0.0
2,Low Glue/Read Thru/Impression,BT Circuit 1 Temp,40,3631,25.0,23.0,26.0,24.0,-3.51,0.483,-0.483,1.0601059117659072e-05,0.0436,0.0352,True,True,2.0338000000000003
2,Low Glue/Read Thru/Impression,BT Circuit 2 Temp,40,3631,23.0,22.0,23.0,22.0,-2.72,0.55,-0.55,2.162304874714084e-09,0.0832,0.0231,True,True,3.6580000000000004
2,Low Glue/Read Thru/Impression,TTF Circuit 1 Temp,40,3631,29.0,24.0,32.0,25.0,-12.6,0.574,-0.574,2.437035186895672e-07,0.0818,0.086,True,True,3.6164
2,Low Glue/Read Thru/Impression,Graining Vacuum TTF Cavity 1,40,3631,88.0,86.0,88.0,87.5,-0.2,0.084,-0.084,0.463730503859748,0.0048,0.0083,False,False,0.0
2,Low Glue/Read Thru/Impression,Graining Vacuum TTF Cavity 2,40,3631,89.0,88.0,90.0,89.0,-0.27,0.056,-0.056,0.3333759475403521,0.0054,0.0094,False,False,0.0
2,Low Glue/Read Thru/Impression,Machine Cycle Time,40,3631,766.0,676.0,9999.0,772.5,79.76,0.218,0.218,0.0565805149316877,0.0442,1.6696,True,False,0.0
2,Low Glue/Read Thru/Impression,Capacity THT,40,3631,65.0,63.0,65.0,65.0,-0.76,0.194,-0.194,0.018612698023817834,0.0068,0.0299,True,False,0.0
2,Low Glue/Read Thru/Impression,Capacity BHT,40,3631,60.0,50.0,60.0,52.0,-6.33,0.358,-0.358,0.0001534282128489447,0.0353,0.0654,True,True,1.6267999999999998
2,Low Glue/Read Thru/Impression,Time Feed to Vacuum 1,40,3631,70.0,47.0,71.0,70.0,-3.15,0.011,-0.011,0.14412443832309216,0.0079,0.0923,True,False,0.0
2,Low Glue/Read Thru/Impression,Pyro Clean,40,3631,587.0,34.0,920.0,115.0,-24.75,0.192,-0.192,0.04029415368954611,0.0544,0.5949,True,False,0.0
2,Low Glue/Read Thru/Impression,Pos Vinyl N Length,40,3631,0.0,0.0,220.0,0.0,26.78,0.071,0.071,0.2661379601470534,0.0106,1.3999,True,False,0.0
2,Low Glue/Read Thru/Impression,Pos Vinyl N Width,40,3631,0.0,0.0,295.0,0.0,27.22,0.092,0.092,0.2599418083434913,0.0122,1.3993,True,False,0.0
2,Low Glue/Read Thru/Impression,Pos Vinyl S Length,40,3631,0.0,0.0,286.0,0.0,46.17,0.124,0.124,0.06923418881867321,0.0229,1.4432,True,False,0.0
2,Low Glue/Read Thru/Impression,Pos Vinyl S Width,40,3631,0.0,0.0,13.0,0.0,22.74,0.135,0.135,0.4370847337803082,0.022,1.9443,True,False,0.0
2,Low Glue/Read Thru/Impression,Roller Gap LH,40,3631,19.0,19.0,20.0,19.0,-0.38,0.109,-0.109,2.869893238614176e-07,0.0043,0.0434,True,True,0.2374
2,Low Glue/Read Thru/Impression,Roller Gap RH,40,3631,18.0,18.0,18.0,18.0,0.34,0.012,0.012,1.1024854186048614e-05,0.0,0.0457,True,True,0.0072
2,Low Glue/Read Thru/Impression,Glue Temp,40,3631,155.0,154.0,158.0,156.0,0.14,0.076,0.076,0.2779633672044416,0.011,0.0089,False,False,0.0
2,Low Glue/Read Thru/Impression,Stretch Cross Pick Up,40,3631,4830.0,4800.0,4830.0,4830.0,-0.06,0.096,-0.096,0.23063359489162288,0.0026,0.0029,False,False,0.0
2,Low Glue/Read Thru/Impression,Stretch Cross Stretch 1,40,3631,4830.0,4800.0,4830.0,4830.0,-0.06,0.096,-0.096,0.23063359489162288,0.0051,0.0029,False,False,0.0
2,Low Glue/Read Thru/Impression,Stretch Cross Stretch 2,40,3631,4830.0,4800.0,4830.0,4830.0,0.01,0.064,-0.064,0.4242356308455551,0.0056,0.0018,False,False,0.0
2,Low Glue/Read Thru/Impression,Stretch Cross Stretch 3,40,3631,4880.0,4850.0,4880.0,4880.0,-0.11,0.176,-0.176,0.031047623145334106,0.0036,0.0026,False,False,0.0
2,Low Glue/Read Thru/Impression,Stretch Cross Form,40,3631,4850.0,4850.0,4880.0,4850.0,0.08,0.128,0.128,0.09191635775463117,0.0055,0.0026,False,False,0.0
2,Low Glue/Read Thru/Impression,Temp Z1,40,3631,142.0,119.0,166.0,128.0,-8.13,0.35,-0.35,0.0011025533763442045,0.0371,0.108,True,True,1.694
2,Low Glue/Read Thru/Impression,Temp Z2,40,3631,138.0,115.0,163.0,122.0,-8.23,0.352,-0.352,0.0013300016958519682,0.0542,0.1113,True,True,2.3792
2,Low Glue/Read Thru/Impression,Temp Z3,40,3631,136.0,114.0,160.0,122.0,-8.46,0.354,-0.354,0.0006644064085347195,0.0439,0.1102,True,True,1.9684000000000001
2,Bad edge wrap,Temp. THT at Trigger,12,3631,160.0,142.0,172.0,155.0,-2.59,0.343,-0.343,0.040491594646554004,0.0297,0.0575,True,False,0.0
2,Bad edge wrap,Temp. BHT at Trigger,12,3631,194.0,172.0,207.0,194.5,1.11,0.106,0.106,0.4741444011426282,0.0077,0.0576,True,False,0.0
2,Bad edge wrap,heating time (tens of seconds),12,3631,470.0,440.0,510.0,470.0,-0.13,0.042,0.042,0.8823027757499224,0.0168,0.0572,True,False,0.0
2,Bad edge wrap,Vacuum Time Tool Cavity A,12,3631,71.0,64.0,73.0,71.0,0.82,0.002,0.002,0.3950101667056696,0.0177,0.067,True,False,0.0
2,Bad edge wrap,Vacuum Time Tool Cavity B,12,3631,71.0,64.0,73.0,71.0,0.97,0.028,0.028,0.30820526405659326,0.0218,0.0692,True,False,0.0
2,Bad edge wrap,BT Circuit 1 Temp,12,3631,25.0,23.0,26.0,25.0,1.25,0.177,0.177,0.1768497760689716,0.0154,0.0352,True,False,0.0
2,Bad edge wrap,BT Circuit 2 Temp,12,3631,23.0,22.0,23.0,23.0,1.11,0.229,0.229,0.011903522061074603,0.024,0.0231,True,False,0.0
2,Bad edge wrap,TTF Circuit 1 Temp,12,3631,29.0,24.0,32.0,29.0,-1.74,0.195,-0.195,0.3628105957765312,0.0141,0.086,True,False,0.0
2,Bad edge wrap,Graining Vacuum TTF Cavity 1,12,3631,88.0,86.0,88.0,88.0,0.17,0.11,0.11,0.2726183255843288,0.0041,0.0083,False,False,0.0
2,Bad edge wrap,Graining Vacuum TTF Cavity 2,12,3631,89.0,88.0,90.0,89.0,-0.0,0.032,-0.032,0.986204381478567,0.0047,0.0094,False,False,0.0
2,Bad edge wrap,Machine Cycle Time,12,3631,766.0,676.0,9999.0,717.0,-49.61,0.394,-0.394,1.3751876004848232e-50,0.0478,1.6696,True,True,2.1484
2,Bad edge wrap,Capacity THT,12,3631,65.0,63.0,65.0,65.0,0.4,0.099,0.099,4.3918321251460535e-15,0.0005,0.0299,True,True,0.0794
2,Bad edge wrap,Capacity BHT,12,3631,60.0,50.0,60.0,60.0,2.02,0.142,0.142,0.062082099232233366,0.0004,0.0654,True,False,0.0
2,Bad edge wrap,Time Feed to Vacuum 1,12,3631,70.0,47.0,71.0,70.0,1.34,0.041,0.041,0.42896212588461047,0.0149,0.0923,True,False,0.0
2,Bad edge wrap,Pyro Clean,12,3631,587.0,34.0,920.0,116.5,-54.11,0.472,-0.472,0.0030145079133678744,0.05,0.5949,True,True,2.2832
2,Bad edge wrap,Pos Vinyl N Length,12,3631,0.0,0.0,220.0,217.5,202.32,0.71,0.71,1.3253851118067234e-45,0.1457,1.3999,True,True,6.2540000000000004
2,Bad edge wrap,Pos Vinyl N Width,12,3631,0.0,0.0,295.0,292.0,199.88,0.699,0.699,1.3837363344129686e-96,0.0598,1.3993,True,True,2.8114
2,Bad edge wrap,Pos Vinyl S Length,12,3631,0.0,0.0,286.0,0.0,2.27,0.029,-0.029,0.9595330872895382,0.0238,1.4432,True,False,0.0
2,Bad edge wrap,Pos Vinyl S Width,12,3631,0.0,0.0,13.0,0.0,-46.76,0.041,-0.041,0.07811343278783577,0.0088,1.9443,True,False,0.0
2,Bad edge wrap,Roller Gap LH,12,3631,19.0,19.0,20.0,19.0,0.5,0.056,0.056,0.4198316410262394,0.0,0.0434,True,False,0.0
2,Bad edge wrap,Roller Gap RH,12,3631,18.0,18.0,18.0,18.0,0.34,0.012,0.012,1.1024854186048614e-05,0.0,0.0457,True,True,0.0072
2,Bad edge wrap,Glue Temp,12,3631,155.0,154.0,158.0,155.0,-0.06,0.057,-0.057,0.7766354805854662,0.0107,0.0089,False,False,0.0
2,Bad edge wrap,Stretch Cross Pick Up,12,3631,4830.0,4800.0,4830.0,4800.0,-0.43,0.696,-0.696,0.0,0.1032,0.0029,False,True,0.0
2,Bad edge wrap,Stretch Cross Stretch 1,12,3631,4830.0,4800.0,4830.0,4800.0,-0.43,0.696,-0.696,0.0,0.0948,0.0029,False,True,0.0
2,Bad edge wrap,Stretch Cross Stretch 2,12,3631,4830.0,4800.0,4830.0,4820.0,-0.21,0.692,-0.692,0.002207225579348646,0.1065,0.0018,False,True,0.0
2,Bad edge wrap,Stretch Cross Stretch 3,12,3631,4880.0,4850.0,4880.0,4850.0,-0.32,0.526,-0.526,0.0019804765144984123,0.0162,0.0026,False,True,0.0
2,Bad edge wrap,Stretch Cross Form,12,3631,4850.0,4850.0,4880.0,4880.0,0.38,0.7,0.7,1.2711776806766912e-06,0.0818,0.0026,False,True,0.0
2,Bad edge wrap,Temp Z1,12,3631,142.0,119.0,166.0,141.5,2.02,0.108,0.108,0.49398239284969964,0.0259,0.108,True,False,0.0
2,Bad edge wrap,Temp Z2,12,3631,138.0,115.0,163.0,139.0,2.63,0.118,0.118,0.39704822284019853,0.0251,0.1113,True,False,0.0
2,Bad edge wrap,Temp Z3,12,3631,136.0,114.0,160.0,137.0,2.97,0.141,0.141,0.328062098866009,0.0281,0.1102,True,False,0.0
8,Dent,Temp. THT at Trigger,15,1278,170.0,141.0,170.0,170.0,0.53,0.043,-0.043,0.506298792291374,0.0072,0.0562,True,False,0.0
8,Dent,Temp. BHT at Trigger,15,1278,193.0,177.0,213.0,194.0,-0.85,0.078,-0.078,0.5033586660544407,0.0613,0.058,True,False,0.0
8,Dent,heating time (tens of seconds),15,1278,470.0,439.0,541.0,466.0,8.97,0.083,0.083,0.17653313307864785,0.1365,0.0817,True,False,0.0
8,Dent,Vacuum Time Tool Cavity A,15,1278,73.0,71.0,75.0,73.0,-9.34,0.019,-0.019,0.21628389698339587,0.0241,0.0768,True,False,0.0
8,Dent,Vacuum Time Tool Cavity B,15,1278,72.0,71.0,75.0,72.0,-10.04,0.07,-0.07,0.2101365425370809,0.0318,0.0804,True,False,0.0
8,Dent,BT Circuit 1 Temp,15,1278,24.0,23.0,25.0,24.0,-1.69,0.324,-0.324,0.003950887663621212,0.0523,0.0282,True,True,2.2864
8,Dent,BT Circuit 2 Temp,15,1278,0.0,0.0,826.0,0.0,-41.42,0.109,-0.109,0.3195796504299578,0.0295,1.623,True,False,0.0
8,Dent,TTF Circuit 1 Temp,15,1278,34.0,28.0,37.0,34.0,-1.52,0.101,-0.101,0.5014869751573022,0.0542,0.0902,True,False,0.0
8,Dent,Graining Vacuum TTF Cavity 1,15,1278,86.0,85.0,87.0,87.0,0.11,0.091,0.091,0.6301894794645166,0.013,0.008,False,False,0.0
8,Dent,Graining Vacuum TTF Cavity 2,15,1278,87.0,86.0,88.0,88.0,0.14,0.088,0.088,0.4687206759623885,0.007,0.0088,False,False,0.0
8,Dent,Machine Cycle Time,15,1278,748.0,677.0,9999.0,816.0,30.67,0.311,0.311,0.5787593029825848,0.0923,1.6671,True,False,0.0
8,Dent,Capacity THT,15,1278,70.0,65.0,73.0,70.0,-0.32,0.112,-0.112,0.7595740264920928,0.0124,0.0684,True,False,0.0
8,Dent,Capacity BHT,15,1278,60.0,55.0,70.0,60.0,-3.41,0.254,-0.254,0.08002944664109672,0.0241,0.0912,True,False,0.0
8,Dent,Time Feed to Vacuum 1,15,1278,70.0,47.0,71.0,70.0,-1.85,0.088,-0.088,0.6710031104501304,0.0179,0.1425,True,False,0.0
8,Dent,Pyro Clean,15,1278,702.0,520.0,920.15,592.0,-9.14,0.299,-0.299,0.096899833356056,0.1268,0.1784,True,False,0.0
8,Dent,Pos Vinyl N Length,15,1278,0.0,0.0,221.0,0.0,-11.56,0.024,-0.024,0.773497079594541,0.0213,1.4904,True,False,0.0
8,Dent,Pos Vinyl N Width,15,1278,0.0,0.0,295.0,0.0,-12.72,0.038,-0.038,0.7485808007902512,0.011,1.4897,True,False,0.0
8,Dent,Pos Vinyl S Length,15,1278,279.0,0.0,286.0,0.0,-30.61,0.219,-0.219,0.20115870451194093,0.0347,0.8457,True,False,0.0
8,Dent,Pos Vinyl S Width,15,1278,3.0,0.0,20.0,0.0,-22.53,0.172,-0.172,0.5353029239196121,0.041,1.2121,True,False,0.0
8,Dent,Glue Temp,15,1278,156.0,154.0,158.0,155.0,-0.06,0.017,-0.017,0.6856322856835192,0.0382,0.0089,False,False,0.0
8,Dent,Temp Z1,15,1278,155.0,128.0,180.0,150.0,-2.14,0.098,-0.098,0.5091075505516242,0.05,0.1054,True,False,0.0
8,Dent,Temp Z2,15,1278,150.0,123.85,173.0,146.0,-1.66,0.083,-0.083,0.643942267791872,0.0668,0.1047,True,False,0.0
8,Dent,Temp Z3,15,1278,144.0,119.0,164.0,140.0,-0.62,0.052,-0.052,0.8592074279566391,0.0467,0.0996,True,False,0.0
8,Bumps / lumps,Temp. THT at Trigger,35,1278,170.0,141.0,170.0,140.0,-11.35,0.668,-0.668,2.8101240392844952e-08,0.1341,0.0562,True,True,5.764800000000001
8,Bumps / lumps,Temp. BHT at Trigger,35,1278,193.0,177.0,213.0,174.0,-8.08,0.512,-0.512,3.931922832594496e-06,0.078,0.058,True,True,3.4272
8,Bumps / lumps,heating time (tens of seconds),35,1278,470.0,439.0,541.0,470.0,-2.32,0.116,-0.116,0.00044024153512678486,0.0664,0.0817,True,True,2.7256
8,Bumps / lumps,Vacuum Time Tool Cavity A,35,1278,73.0,71.0,75.0,72.0,0.14,0.211,-0.211,0.6202085462272232,0.0167,0.0768,True,False,0.0
8,Bumps / lumps,Vacuum Time Tool Cavity B,35,1278,72.0,71.0,75.0,72.0,0.03,0.253,-0.253,0.906161719679087,0.0097,0.0804,True,False,0.0
8,Bumps / lumps,BT Circuit 1 Temp,35,1278,24.0,23.0,25.0,24.0,1.07,0.032,0.032,0.28305638133316974,0.0104,0.0282,True,False,0.0
8,Bumps / lumps,BT Circuit 2 Temp,35,1278,0.0,0.0,826.0,630.0,112.13,0.305,0.305,8.831868802341385e-05,0.0579,1.623,True,True,2.499
8,Bumps / lumps,TTF Circuit 1 Temp,35,1278,34.0,28.0,37.0,29.0,-10.62,0.426,-0.426,7.634396578719423e-05,0.0777,0.0902,True,True,3.3636000000000004
8,Bumps / lumps,Graining Vacuum TTF Cavity 1,35,1278,86.0,85.0,87.0,86.0,-0.82,0.444,-0.444,2.2223144496723266e-05,0.0493,0.008,False,True,0.0
8,Bumps / lumps,Graining Vacuum TTF Cavity 2,35,1278,87.0,86.0,88.0,87.0,-0.85,0.438,-0.438,3.2158993332756394e-05,0.0331,0.0088,False,True,0.0
8,Bumps / lumps,Machine Cycle Time,35,1278,748.0,677.0,9999.0,787.0,67.39,0.144,0.144,0.10990172298829452,0.033,1.6671,True,False,0.0
8,Bumps / lumps,Capacity THT,35,1278,70.0,65.0,73.0,65.0,-6.93,0.484,-0.484,0.020667510988378157,0.0342,0.0684,True,False,0.0
8,Bumps / lumps,Capacity BHT,35,1278,60.0,55.0,70.0,60.0,-10.28,0.522,-0.522,0.0009089460287073748,0.0455,0.0912,True,True,2.1332
8,Bumps / lumps,Time Feed to Vacuum 1,35,1278,70.0,47.0,71.0,70.0,-2.57,0.005,0.005,0.3556589266788038,0.0203,0.1425,True,False,0.0
8,Bumps / lumps,Pyro Clean,35,1278,702.0,520.0,920.15,827.0,10.11,0.293,0.293,0.00044998765577309864,0.1035,0.1784,True,True,4.315799999999999
8,Bumps / lumps,Pos Vinyl N Length,35,1278,0.0,0.0,221.0,209.0,122.93,0.326,0.326,3.9837407453492514e-05,0.0157,1.4904,True,True,0.8236
8,Bumps / lumps,Pos Vinyl N Width,35,1278,0.0,0.0,295.0,292.0,125.31,0.402,0.402,3.4790587484251016e-05,0.0368,1.4897,True,True,1.7132
8,Bumps / lumps,Pos Vinyl S Length,35,1278,279.0,0.0,286.0,282.0,54.15,0.306,0.306,2.458553428518732e-06,0.0301,0.8457,True,True,1.3876
8,Bumps / lumps,Pos Vinyl S Width,35,1278,3.0,0.0,20.0,7.0,22.3,0.151,0.151,0.27072322207311134,0.0247,1.2121,True,False,0.0
8,Bumps / lumps,Glue Temp,35,1278,156.0,154.0,158.0,155.0,-0.09,0.059,-0.059,0.5234454213847309,0.0159,0.0089,False,False,0.0
8,Bumps / lumps,Temp Z1,35,1278,155.0,128.0,180.0,138.0,-9.38,0.395,-0.395,0.0004408591311191142,0.0312,0.1054,True,True,1.4849999999999999
8,Bumps / lumps,Temp Z2,35,1278,150.0,123.85,173.0,137.0,-9.89,0.397,-0.397,0.000282893789389266,0.047,0.1047,True,True,2.1182000000000003
8,Bumps / lumps,Temp Z3,35,1278,144.0,119.0,164.0,134.0,-6.8,0.296,-0.296,0.005847832933407675,0.0289,0.0996,True,True,1.3336
8,Burnt Carpet / Vynil,Temp. THT at Trigger,7,1278,170.0,141.0,170.0,170.0,1.68,0.13,0.13,0.1009634833523586,0.0032,0.0562,True,False,0.0
8,Burnt Carpet / Vynil,Temp. BHT at Trigger,7,1278,193.0,177.0,213.0,194.0,0.59,0.039,0.039,0.803363452432791,0.042,0.058,True,False,0.0
8,Burnt Carpet / Vynil,heating time (tens of seconds),7,1278,470.0,439.0,541.0,463.0,-2.61,0.16,-0.16,0.12367947927658314,0.0926,0.0817,True,False,0.0
8,Burnt Carpet / Vynil,Vacuum Time Tool Cavity A,7,1278,73.0,71.0,75.0,73.0,1.28,0.213,0.213,0.10278144426728505,0.035,0.0768,True,False,0.0
8,Burnt Carpet / Vynil,Vacuum Time Tool Cavity B,7,1278,72.0,71.0,75.0,73.0,1.54,0.262,0.262,0.07397477638685727,0.0493,0.0804,True,False,0.0
8,Burnt Carpet / Vynil,BT Circuit 1 Temp,7,1278,24.0,23.0,25.0,24.0,-0.59,0.094,-0.094,0.5414059727282649,0.0119,0.0282,True,False,0.0
8,Burnt Carpet / Vynil,BT Circuit 2 Temp,7,1278,0.0,0.0,826.0,0.0,-49.9,0.12,-0.12,0.35900963417547954,0.0271,1.623,True,False,0.0
8,Burnt Carpet / Vynil,TTF Circuit 1 Temp,7,1278,34.0,28.0,37.0,35.0,0.79,0.139,0.139,0.8642971254392688,0.0463,0.0902,True,False,0.0
8,Burnt Carpet / Vynil,Graining Vacuum TTF Cavity 1,7,1278,86.0,85.0,87.0,86.0,-0.35,0.218,-0.218,0.36033463046116365,0.0073,0.008,False,False,0.0
8,Burnt Carpet / Vynil,Graining Vacuum TTF Cavity 2,7,1278,87.0,86.0,88.0,87.0,-0.07,0.053,-0.053,0.8967134781005494,0.0211,0.0088,False,False,0.0
8,Burnt Carpet / Vynil,Machine Cycle Time,7,1278,748.0,677.0,9999.0,730.0,-52.68,0.221,-0.221,3.783016102994692e-24,0.0573,1.6671,True,True,2.4246
8,Burnt Carpet / Vynil,Capacity THT,7,1278,70.0,65.0,73.0,70.0,0.82,0.091,0.091,0.6907295260536707,0.0276,0.0684,True,False,0.0
8,Burnt Carpet / Vynil,Capacity BHT,7,1278,60.0,55.0,70.0,65.0,1.24,0.078,0.078,0.7443200716384558,0.0347,0.0912,True,False,0.0
8,Burnt Carpet / Vynil,Time Feed to Vacuum 1,7,1278,70.0,47.0,71.0,70.0,-0.77,0.064,0.064,0.9007490601432505,0.0292,0.1425,True,False,0.0
8,Burnt Carpet / Vynil,Pyro Clean,7,1278,702.0,520.0,920.15,620.0,-8.55,0.284,-0.284,0.23394190999870523,0.0975,0.1784,True,False,0.0
8,Burnt Carpet / Vynil,Pos Vinyl N Length,7,1278,0.0,0.0,221.0,0.0,-52.18,0.146,-0.146,0.3180964104908003,0.006,1.4904,True,False,0.0
8,Burnt Carpet / Vynil,Pos Vinyl N Width,7,1278,0.0,0.0,295.0,0.0,-53.2,0.168,-0.168,0.3001063483732646,0.0076,1.4897,True,False,0.0
8,Burnt Carpet / Vynil,Pos Vinyl S Length,7,1278,279.0,0.0,286.0,282.0,24.41,0.165,0.165,0.47696680162724686,0.0642,0.8457,True,False,0.0
8,Burnt Carpet / Vynil,Pos Vinyl S Width,7,1278,3.0,0.0,20.0,15.0,68.11,0.367,0.367,0.17886286922476555,0.1096,1.2121,True,False,0.0
8,Burnt Carpet / Vynil,Glue Temp,7,1278,156.0,154.0,158.0,154.0,-0.58,0.368,-0.368,0.13225276486906315,0.0586,0.0089,False,False,0.0
8,Burnt Carpet / Vynil,Temp Z1,7,1278,155.0,128.0,180.0,163.0,0.56,0.047,0.047,0.9151151387728352,0.0573,0.1054,True,False,0.0
8,Burnt Carpet / Vynil,Temp Z2,7,1278,150.0,123.85,173.0,154.0,0.17,0.029,0.029,0.9713245343058129,0.0629,0.1047,True,False,0.0
8,Burnt Carpet / Vynil,Temp Z3,7,1278,144.0,119.0,164.0,149.0,-0.24,0.008,0.008,0.9546647226825181,0.0515,0.0996,True,False,0.0
